{"cameraMode":{"drawMode":0,"name":"Shaded","section":"Shading Mode"},"sceneLighting":true,"audioPlay":false,"sceneViewState":{"m_AlwaysRefresh":false,"showFog":true,"showSkybox":true,"showFlares":true,"showImageEffects":true,"showParticleSystems":true,"showVisualEffectGraphs":true,"m_FxEnabled":true},"in2DMode":false,"pivot":{"x":44.77070999145508,"y":28.07538604736328,"z":8.188735008239746},"rotation":{"x":0.01232713833451271,"y":0.9851985573768616,"z":-0.15072423219680787,"w":0.08058702200651169},"size":19.899993896484376,"orthographic":false}